State,Elections website?,Check registration?,Online registration? (REQUIRES STATE ID),Registering by Mail: Postmarked or received?,Registration Deadline,Absentee request forms:,Absentee Request by Mail: Postmarked or received?,Where to mail absentee request,Postmarked or received?,Other notes... 
ALABAMA,https://www.sos.alabama.gov/alabama-votes,https://myinfo.alabamavotes.gov/voterview,https://www.alabamainteractive.org/sos/voter_registration/voterRegistrationWelcome.action,Received,10/21/25,PDF to mail: https://www.sos.alabama.gov/sites/default/files/absentee-forms/GenericAbsenteeAppFillable.pdf,Received ,"depends on county, website w all counties: https://www.sos.alabama.gov/alabama-votes/absentee-ballot-application-by-county",Received (by noon if mailed in),
ALASKA*,https://www.elections.alaska.gov/voter-information/#Reg,https://myvoterportal.alaska.gov/,https://voterregistration.alaska.gov/,Received,9/30/25,Online Portal: https://absenteeballotapplication.alaska.gov/,"Received (can also email, fax)",,Postmarked (must be recieved by 10/17/25),
ARIZONA,https://azsos.gov/elections,https://my.arizona.vote/WhereToVote.aspx?s=individual&Language=en,https://servicearizona.com/VoterRegistration/selectLanguage,Received,10/20/25,Online portal: https://my.arizona.vote/Early/ApplicationLogin.aspx,Recieved by 5pm,,Received (by 7pm local time),
ARKANSAS,https://www.sos.arkansas.gov/elections/for-voters,https://www.voterview.ar-nova.org/VoterView,N/A,Postmarked,10/5/25,PDF to mail: https://www.sos.arkansas.gov/uploads/elections/Absentee_Ballot_Application_rev._8-2023_.pdf,"Received (can also email, fax)","depends on county, pdf w counties: https://www.sos.arkansas.gov/uploads/elections/ARCountyClerks.pdf",Received (by 7:30pm local time),PDF for registering: https://www.sos.arkansas.gov/uploads/elections/ArkansasVoterRegistrationApplication.pdf
CALIFORNIA,https://www.sos.ca.gov/elections/,https://voterstatus.sos.ca.gov/,https://covr.sos.ca.gov/,Postmarked,10/21/25,Contact local election official: https://www.sos.ca.gov/elections/voting-resources/county-elections-offices,N/A,,Postmarked (must be received by 11/12/24),"Absentee ballots will automatically be sent to all registered voters. If you need your ballot sent somewhere other than your usual address, contact your local election official at least one month before the election so you have time to receive the ballot."
COLORADO,https://www.coloradosos.gov/pubs/elections/main.html?_gl=1*mthc07*_ga*NjQ5NzkyOTA5LjE3MjMwODI1NTk.*_ga_JDK6PLVHDW*MTcyMzA4MjU1OC4xLjAuMTcyMzA4MjU1OC4wLjAuMA..,https://www.coloradosos.gov/voter/pages/pub/olvr/findVoterReg.xhtml,https://www.coloradosos.gov/voter/pages/pub/olvr/verifyNewVoter.xhtml,Postmarked,10/27/25,Contact local election official: https://www.coloradosos.gov/pubs/elections/Resources/CountyElectionOffices.html,N/A,,Received (by 7pm local time),"Mail ballots will automatically be sent to all registered voters. If you need your ballot sent somewhere other than your usual address, contact your local election official at least one month before the election so you have time to receive the ballot. The deadline to request a mail ballot a new address is 8 days before Election Day.

"
CONNECTICUT,https://portal.ct.gov/sots/common-elements/v5-template---redesign/elections-and-voting,https://portaldir.ct.gov/sots/LookUp.aspx,https://voterregistration.ct.gov/OLVR/welcome.do,Postmarked,10/17/25,Online portal: https://oabr-sots.ct.gov/OABR/absenteeBallotReqPortalHome.do,Received,,Received (by 8pm local),
DC (District of Columbia),https://www.dcboe.org/,https://apps.dcboe.org/VRS,https://dcboe.org/voters/register-to-vote/register-update-voter-registration,Received,,Online Portal: https://vr.dcboe.org/213115759199060,Received ,,Postmarked (must be recieved by 11/15/24),
DELAWARE,https://elections.delaware.gov/elections/elections.shtml,https://ivote.de.gov/VoterView,https://ivote.de.gov/VoterView/registrant/newregistrant,Postmarked,10/12/25,Online portal: https://ivote.de.gov/VoterView,Received,,Received (by 8pm local),
FLORIDA*,https://dos.fl.gov/elections/,https://registration.elections.myflorida.com/CheckVoterStatus,https://registertovoteflorida.gov/home,Postmarked,10/6/25,PDF to mail: https://files.floridados.gov/media/707937/ds-de-160-statewide-vote-by-mail-request-eng-fillable-eff-20240417.pdf,"Received by 5pm (can also email, fax)","Florida Division of Elections, R.A. Gray Building, Room 316, 500 South Bronough Street, Tallahasee, Florida 32399-0250",Received (by 7pm local),"Where to mail absentee ballot request form: Florida Division of Elections, R.A. Gray Building, Room 316, 500 South Bronough Street, Tallahasee, Florida 32399-0250"
GEORGIA**,https://sos.ga.gov/elections-division-georgia-secretary-states-office,https://mvp.sos.ga.gov/s/,https://mvp.sos.ga.gov/s/voter-registration?IsRegisterNow=true,Received?,10/6/25,Online portal: https://securemyabsenteeballot.sos.ga.gov/s/,Received,,Received (by 7pm local),
HAWAII,https://elections.hawaii.gov/,https://olvr.hawaii.gov/,https://olvr.hawaii.gov/,Postmarked,10/27/25,PDF to mail: https://elections.hawaii.gov/wp-content/uploads/1437358-01-Hawaii-Votes_absentee-application_Final.pdf,Received by 4:30pm,"County of Hawaii
25 Aupuni St. #1502
Hilo, HI 96720
County of Kauai
4386 Rice St. #101
Lihue, HI 96766
County of Maui
200 S. High St.
Wailuku, HI 96793
City & County of Honolulu
530 S. King St. #100
Honolulu, HI 96813",Received (by 7pm local),An official ballot will be mailed to each registered voter in Hawaii to the address listed on their voter registration record. Voters who will be away during the election may request for their ballot to be mailed to another address. Simply complete the one-time absentee application and indicate where you would like your ballot to be mailed. Your application must be received by your city or county clerk at least seven days before the election to be processed. Voted ballots must be received by mail or in person no later than 7:00 PM on the day of the election.
IDAHO*,https://sos.idaho.gov/elections-division/,https://elections.sos.idaho.gov/ElectionLink/ElectionLink/VoterSearch.aspx,https://elections.sos.idaho.gov/ElectionLink/ElectionLink/ApplicationInstructions.aspx,Postmarked,10/5/25,Online portal:  https://elections.sos.idaho.gov/ElectionLink/ElectionLink/BeginAbsenteeRequest.aspx,Received by 5pm,,Received (by 8pm local),
ILLINOIS*,https://www.elections.il.gov/,https://ova.elections.il.gov/RegistrationLookup.aspx,https://ova.elections.il.gov/,"Received? (""Postmarked prior to close of registration"")",10/19/25,By county: https://www.elections.il.gov/ElectionOperations/VotingByMailList.aspx,Received,"depends on county, website w all counties: https://www.iaccr.net/MemberCountiesMain.html",Postmarked (must be received within 2 weeks),
INDIANA,https://www.in.gov/sos/elections/,https://indianavoters.in.gov/,https://indianavoters.in.gov/,Postmarked,10/6/25,Online Portal: https://indianavoters.in.gov/MVPHome/PrintDocuments,Received,,Received (by 6pm local),
IOWA*,https://sos.iowa.gov/elections/voterinformation/index.html,https://sos.iowa.gov/elections/voterreg/regtovote/search.aspx,https://mymvd.iowadot.gov/Account/Login?ReturnUrl=%2fVoterRegistration,Postmarked,10/20/25,PDF to mail: https://sos.iowa.gov/elections/pdf/absenteeballotapp.pdf,Received by 5pm,"depends on county, website w all counties: https://sos.iowa.gov/elections/auditors/auditorslist.html or https://sos.iowa.gov/elections/auditors/auditor.asp?CountyID=00 ",Received by 8pm,
KANSAS*,https://sos.ks.gov/elections/elections.html,https://myvoteinfo.voteks.org/voterview,https://www.kdor.ks.gov/Apps/VoterReg,Postmarked,10/14/25,PDF to mail: https://sos.ks.gov/forms/elections/AV1.pdf,Received,"Kansas Secretary of State
Memorial Hall, 1st Floor
120 SW 10th Avenue
Topeka, KS 66612-1594",Postmarked (must received by 11/8/24),
KENTUCKY**,https://elect.ky.gov/Pages/default.aspx,https://vrsws.sos.ky.gov/ovrweb/govoteky,https://vrsws.sos.ky.gov/ovrweb/govoteky,Postmarked?,10/7/25,Online portal: https://vrsws.sos.ky.gov/ovrweb/govoteky,Received,,Received by 6pm,
LOUISIANA,https://www.sos.la.gov/electionsandvoting/Pages/default.aspx,https://voterportal.sos.la.gov/,https://voterportal.sos.la.gov/VoterRegistration,Postmarked,10/15/25,Online portal: https://voterportal.sos.la.gov/,Received by 4:30pm,,Received by 4:30pm,
MAINE*,https://www.maine.gov/sos/cec/elec/,N/A?,https://registertovote.sos.maine.gov/,Received,11/4/25,Online portal: https://apps.web.maine.gov/cgi-bin/online/AbsenteeBallot/index.pl,Received by 5pm,,Received by 8pm,
MARYLAND,https://elections.maryland.gov/,https://voterservices.elections.maryland.gov/VoterSearch,https://voterservices.elections.maryland.gov/OnlineVoterRegistration/InstructionsStep1,Postmarked,10/14/25,Online portal: https://voterservices.elections.maryland.gov/onlinemailinrequest/InstructionsStep1,Received ,,"Postmarked, recieved by 11/15/24, 10am",
MASSACHUSETTS*,https://www.sec.state.ma.us/divisions/elections/elections-and-voting.htm,https://www.sec.state.ma.us/VoterRegistrationSearch/MyVoterRegStatus.aspx,https://www.sec.state.ma.us/OVR/Pages/CheckEligibility.aspx?&Action=Register,Postmarked,10/25/25,PDF to mail: https://www.sec.state.ma.us/divisions/elections/download/absentee-ballot-applications/Absentee-Ballot-Application-English.pdf,"Received by 5pm (can also email, fax)",,Received ,
MICHIGAN,https://www.michigan.gov/sos/elections,https://mvic.sos.state.mi.us/Voter/Index/,https://mvic.sos.state.mi.us/RegisterVoter/Index,Postmarked,10/20/25,Online portal: https://mvic.sos.state.mi.us/AVApplication/Index,Received by 5pm (can also email),,Received by 8pm,
MINNESOTA*,https://www.sos.state.mn.us/elections-voting/,https://mnvotes.sos.mn.gov/voterstatuscheck/index,https://mnvotes.sos.mn.gov/VoterRegistration/index,Received?,10/14/25,Online portal: https://mnvotes.sos.mn.gov/abrequest/index,Received,,Received,"Absentee ballots requets can be submitted up to the day before election day, but make sure there is ample time to recieve and send back ballots"
MISSISSIPPI*,https://www.sos.ms.gov/elections-voting,https://www.msegov.com/sos/voter_registration/amiregistered/Search,N/A,Postmarked,10/6/25,Contact county circuit clerk: https://courts.ms.gov/trialcourts/circuitcourt/circuitclerks.pdf,N/A,,"Postmarked, received by 11/13/24",PDF to register: https://www.sos.ms.gov/content/documents/elections/Mail-in%20Voter%20Registration%20Application.pdf
MISSOURI*,https://www.sos.mo.gov/elections,https://voteroutreach.sos.mo.gov/portal/,https://s1.sos.mo.gov/elections/voterregistration/,Postmarked,10/8/25,PDF to mail: https://www.sos.mo.gov/CMSImages/ElectionGoVoteMissouri/AbsenteeBallotRequestForm.pdf,"Received (can also email, fax?)","depends on county, website w all counties: https://www.sos.mo.gov/elections/govotemissouri/localelectionauthority",Received,
MONTANA*,https://sosmt.gov/elections/,https://prodvoterportal.mt.gov/WhereToVote.aspx,N/A,Postmarked (and received within 3 days),10/5/25,PDF to mail: https://sosmt.gov/wp-admin/admin-ajax.php?juwpfisadmin=false&action=wpfd&task=file.download&wpfd_category_id=49&wpfd_file_id=57618&token=396efffc86fba262c7b589671481d694&preview=1,Received by noon,"depends on county, website w all counties: https://sosmt.gov/wp-admin/admin-ajax.php?juwpfisadmin=false&action=wpfd&task=file.download&wpfd_category_id=23&wpfd_file_id=57492&token=b5c3cce04ce8783184b795dcaebb8c7d&preview=1",Received,PDF to register: https://sosmt.gov/wp-admin/admin-ajax.php?juwpfisadmin=false&action=wpfd&task=file.download&wpfd_category_id=46&wpfd_file_id=59393&token=&preview=1
NEBRASKA,https://www.nebraska.gov/featured/elections-voting/,https://www.votercheck.necvr.ne.gov/VoterView,https://www.nebraska.gov/apps-sos-voter-registration/,Postmarked,10/17/25,PDF to mail: https://sos.nebraska.gov/sites/default/files/doc/elections/2024/earlyvote_app-fill_general.pdf,"Received by 6pm (can also email, fax)","depends on county, website w all counties: https://sos.nebraska.gov/elections/election-officials-contact-information",Received,
NEVADA,https://www.nvsos.gov/sos/elections,https://www.nvsos.gov/votersearch/,https://www.nvsos.gov/SOSVoterServices/start.aspx,Postmarked,11/4/25, ,Received,,Postmarked (received by 11/9/24),
NEW HAMPSHIRE,https://www.sos.nh.gov/elections,https://app.sos.nh.gov/voterinformation,N/A,Received,11/4/25,Contact local clerk: https://www.sos.nh.gov/elections/absentee-ballots,N/A,,Received by 5pm,Contact local clerk for mail-in registeration forms as well: https://app.sos.nh.gov/statelistclerkandpolling
NEW JERSEY,https://www.nj.gov/state/elections/vote.shtml,https://voter.svrs.nj.gov/registration-check,https://voter.svrs.nj.gov/register,Received?,10/14/25,PDFs to mail by county: https://www.nj.gov/state/elections/vote-by-mail.shtml#applications,Received,,Postmarked by 8pm (received by 11/11/24),
NEW MEXICO,https://www.sos.nm.gov/voting-and-elections/,https://voterportal.servis.sos.state.nm.us/WhereToVote.aspx?AspxAutoDetectCookieSupport=1,https://portal.sos.state.nm.us/OVR/WebPages/InstructionsStep1.aspx?AspxAutoDetectCookieSupport=1,Postmarked (received by 10/11/24),10/7/25,Online portal: https://portal.sos.state.nm.us/OVR/WebPages/AbsenteeApplication.aspx?type=RA,Received,,Received by 7pm,
NEW YORK,https://elections.ny.gov/election-information,https://voterlookup.elections.ny.gov/,https://nyovr.elections.ny.gov/ ,Recieved,10/25/25,Online portal: https://ballotapplication.elections.ny.gov/home/absentee ,Recieved,,Postmarked no later than 11/5/24 and recieved no later than 11/12/24.,voterinformation@lwv.org
NORTH CAROLINA*,https://www.ncsbe.gov/,https://vt.ncsbe.gov/RegLkup/,https://www.ncdot.gov/dmv/offices-services/online/Pages/voter-registration-application.aspx,Postmarked (received by 10/16/24),10/12/25,Online portal: https://votebymail.ncsbe.gov/app/home,Received by 5pm,,Received by 7:30pm,
NORTH DAKOTA,https://vip.sos.nd.gov/PortalList.aspx,N/A,N/A,N/A,10/5/25,Online portal: https://vip.sos.nd.gov/absentee/Default.aspx,N/A,,Postmarked,check your voting info: https://vip.sos.nd.gov/WhereToVote.aspx?tab=AddressandVotingTimes&ptlPKID=7&ptlhPKID=50 ; https://ndlegis.gov/cencode/t16-1c07.pdf
OHIO**,https://www.ohiosos.gov/elections/,https://voterlookup.ohiosos.gov/voterlookup.aspx,https://olvr.ohiosos.gov/,Postmarked,10/5/25,Form to Mail (requires that you fill out the form before printing): https://www.ohiosos.gov/elections/voters/absentee-ballot/ ,Recieved by close of business,"depends on county, website with all counties: https://www.ohiosos.gov/elections/elections-officials/county-boards-of-elections-directory/",Postmarked no later than 11/4/24 and recieved no later than 11/9/24,where to send absentee ballot request form: https://www.ohiosos.gov/elections/elections-officials/county-boards-of-elections-directory/
"OKLAHOMA*
",https://www.oklahoma.gov/elections.html,https://okvoterportal.okelections.us/,https://okvoterportal.okelections.us/Home/RegWizard,Postmarked,10/10/25,Online portal: https://okvoterportal.okelections.us/ ,Recieved,,Recieved by 5pm,
OREGON,https://sos.oregon.gov/voting-elections/Pages/default.aspx,https://sos.oregon.gov/voting/pages/myvote.aspx?lang=en,https://sos.oregon.gov/voting/pages/registration.aspx?lang=en,Postmarked,10/14/25,PDF to Mail: https://sos.oregon.gov/elections/Documents/SEL111.pdf ,Recieved?,"depends on county, website w all counties: https://sos.oregon.gov/elections/Pages/countyofficials.aspx",Postmarked by 8pm,"All voters are sent a mail ballot, ""if you need your ballot sent somewhere other than your usual address, contact your local election official at least one month before the election so you have time to receive the ballot."" "
PENNSYLVANIA,https://www.pa.gov/en/agencies/vote/elections/upcoming-elections.html,https://www.pavoterservices.pa.gov/Pages/voterregistrationstatus.aspx,https://www.pavoterservices.pa.gov/Pages/VoterRegistrationApplication.aspx,Recieved,10/20/25,Online portal: https://www.pavoterservices.pa.gov/OnlineAbsenteeApplication/#/OnlineAbsenteeBegin ,Recieved,,Recieved by 8pm,"If you miss the mail ballot application deadline due to an emergency, you may apply for an emergency absentee ballot: https://www.pa.gov/en/agencies/vote/voter-support/mail-in-and-absentee-ballot/emergency-absentee-ballot.html "
RHODE ISLAND,https://elections.ri.gov/,https://vote.sos.ri.gov/Home/UpdateVoterRecord?ActiveFlag=0,https://vote.sos.ri.gov/Home/RegistertoVote?ActiveFlag=1,Postmarked,10/5/25,Online portal: https://mailballot.sos.ri.gov/,"Postmarked, and must be recieved by 10/18/24",,Recieved by 8pm,
SOUTH CAROLINA,https://scvotes.gov/,https://vrems.scvotes.sc.gov/Voter/Login?PageMode=VoterInformation,https://vrems.scvotes.sc.gov/ovr/start,Postmarked 10/7/24,10/5/25,"Call, visit or send your request by U.S. mail to your county voter registration office. 
You must provide your name, date of birth and last four digits of your Social Security Number. You will be mailed an application.
",Recieved by 5pm,"depends on county, website w all counties (you can also call them in theory): https://scvotes.gov/contact/county-voter-registration-election-offices/",Recieved by 7pm,"Persons who will be absent from their county of residence during early voting hours for the duration of the early voting period, and during the hours the polls are open on election day are eligible for vote by mail.
"
SOUTH DAKOTA*,https://sdsos.gov/elections-voting/default.aspx,https://vip.sdsos.gov/VIPLogin.aspx,N/A,Recieved,10/20/25,PDF to Mail: https://sdsos.gov/elections-voting/assets/AbsenteeApplication_202012.PDF,Recieved by 5pm,"depends on county, website w all counties: https://vip.sdsos.gov/CountyAuditors.aspx",Recieved,"PDF to register to vote: https://sdsos.gov/elections-voting/assets/VoterRegistrationFormFillable.pdf, must be sent by mail, no email or fax."
"TENNESSEE
",https://sos.tn.gov/elections,https://tnmap.tn.gov/voterlookup/,https://ovr.govote.tn.gov/,Postmarked,10/5/25,PDF to Mail: https://sos-prod.tnsosgovfiles.com/s3fs-public/document/Absentee%20By-Mail%20Ballot%20Application%20%28Rev.%2012-2023%29_0.pdf ,"Recieved (can also fax, email)","depends on county, website w all counties: https://tnsos.org/elections/election_commissions.php",Recieved by close of polls,"Must be eligible to vote by mail. Ways to qualify include being a full-time student in an accredited college or university outside the county of registration, or being absent from county of residence during early voting and on E-day. "
TEXAS**,https://www.sos.texas.gov/elections/index.shtml,https://teamrv-mvp.sos.texas.gov/MVP/mvp.do,https://www.votetexas.gov/register-to-vote/index.html,Postmarked,10/5/25,10/25/24,Recieved,"depends on county, website w all counties: https://www.sos.texas.gov/elections/voter/county.shtml ",Recieved by 7pm,Must be eligible to vote by mail. One way to qualify is being absent from county of residence during early voting and on E-day.
UTAH,https://vote.utah.gov/,https://votesearch.utah.gov/voter-search/search/search-by-voter/voter-info,https://vote.utah.gov/register-to-vote-or-update-your-voter-registration/,Recieved,10/24/25,Online portal: https://vote.utah.gov/update-your-ballot-mailing-address/,Recieved,,Postmarked,"Utah automatically sends ballots to all registered voters, but for individuals who need a ballot mailed to a location other than their registration address, an application must be received 11 days before Election Day."
VERMONT,https://sos.vermont.gov/elections/,https://mvp.vermont.gov/,https://olvr.vermont.gov/,Recieved,11/4/25,Online portal: https://mvp.vermont.gov/,Recieved,,Recieved by close of business,"Everyone is sent a mail ballot, but you may need to fill out the absentee form to change your address to your college address"
VIRGINIA**,https://www.elections.virginia.gov/,https://vote.elections.virginia.gov/VoterInformation/Lookup/status,https://vote.elections.virginia.gov/Registration/DmvLookup,Postmarked,11/4/25,Online portal: https://vote.elections.virginia.gov/VoterInformation/Lookup/absentee,Recieved,,Postmarked (recieved by noon 11/8/24),
"WASHINGTON
",https://www.sos.wa.gov/elections,https://voter.votewa.gov/portal2023/login.aspx,https://olvr.votewa.gov/olvr2024/landing.aspx,Recieved,11/4/25,Contact your county elections office: https://www.sos.wa.gov/elections/voters/voter-registration/county-elections-offices?_gl=1%2A115jnja%2A_ga%2AMTI5MTQ2MTMwOC4xNzIzMTE2NDEy%2A_ga_7B08VE04WV%2AMTcyMzEzNDk3My4yLjAuMTcyMzEzNDk3My4wLjAuMA.. ,Recieved?,,Postmarked,"Everyone is sent an absentee ballot, but ""If you are away from your registered address before an election, you can contact your county election official to see if they are able to forward your mail ballot to your new, temporary address."""
WEST VIRGINIA*,https://sos.wv.gov/elections/Pages/default.aspx,https://apps.sos.wv.gov/elections/Voter/AmIRegisteredToVote,https://ovr.sos.wv.gov/Register/Landing#Qualifications,Postmarked,10/5/25,PDF to Mail: https://sos.wv.gov/FormSearch/Elections/Voter/Absentee%20Ballot%20Application.pdf,"Recieved (can also fax, email)","depends on county, website w all counties (i think??): https://westvirginiapolitics.wordpress.com/your-gov/counties/county-clerks/","Postmarked by election day, recieved by 11/11/24",
"WISCONSIN*
",https://elections.wi.gov/,https://myvote.wi.gov/en-us/My-Voter-Info,https://myvote.wi.gov/en-us/Register-To-Vote,Postmarked,10/15/25,Online portal: https://myvote.wi.gov/en-us/Vote-Absentee-By-Mail,Recieved by 5pm,,Recieved by 8pm,
WYOMING**,https://sos.wyo.gov/elections/,https://myelectionday.sos.wyo.gov/WYVOTES/Pages/VoterRegistrationCheck.aspx,N/A,Recieved,11/3/25,PDF to mail: https://sos.wyo.gov/Forms/Elections/General/AbsenteeRequestForm-Standard.pdf,Recieved,"depends on county, website w all counties: https://sos.wyo.gov/Elections/Docs/WYCountyClerks_AbsRequest_VRChange.pdf",Recieved by 7pm,"PDF to register to vote (must be mailed, not emailed or faxed): https://sos.wyo.gov/Forms/Elections/General/VoterRegistrationForm.pdf"
,,,,,,,,,,
"**= known to be purging voter registrations 
*=registration removed/inactive after a period of non-voting",,,,,,,,,,